<ImportExportXml xmlns:xsi="http://www.w3.org/2001/XMLSchema-instance">
  <Entities>
    <Entity>
      <Name LocalizedName="Saved View" OriginalName="Saved View">UserQuery</Name>
      <ObjectTypeCode>4230</ObjectTypeCode>
      <RibbonDiffXml>
        <CustomActions>
          <CustomAction Id="ryr.userquery.promoteToSavedView.Button.CustomAction" Location="Mscrm.SubGrid.userquery.MainTab.View.Controls._children" Sequence="25">
            <CommandUIDefinition>
              <Button Alt="$LocLabels:ryr.userquery.promoteToSavedView.Button.Alt" Command="ryr.userquery.promoteToSavedView.Command" Id="ryr.userquery.promoteToSavedView.Button" Image32by32="$webresource:images_/Promote_To_Saved_View_32.png" Image16by16="$webresource:images_/Promote_To_Saved_View_16.png" LabelText="$LocLabels:ryr.userquery.promoteToSavedView.Button.LabelText" Sequence="25" TemplateAlias="o1" ToolTipTitle="$LocLabels:ryr.userquery.promoteToSavedView.Button.ToolTipTitle" ToolTipDescription="$LocLabels:ryr.userquery.promoteToSavedView.Button.ToolTipDescription" />
            </CommandUIDefinition>
          </CustomAction>
        </CustomActions>
        <Templates>
          <RibbonTemplates Id="Mscrm.Templates"></RibbonTemplates>
        </Templates>
        <CommandDefinitions>
          <CommandDefinition Id="Mscrm.SubGrid.userquery.MainTab.View.SetDefaultView">
            <EnableRules>
              <EnableRule Id="Mscrm.SelectionCountExactlyOne" />
            </EnableRules>
            <DisplayRules />
            <Actions>
              <JavaScriptFunction FunctionName="Mscrm.UserQueryActions.setEntityDefaultView" Library="/_static/_common/scripts/RibbonActions.js">
                <CrmParameter Value="SelectedControlSelectedItemReferences" />
              </JavaScriptFunction>
            </Actions>
          </CommandDefinition>
          <CommandDefinition Id="ryr.userquery.promoteToSavedView.Command">
            <EnableRules>
              <EnableRule Id="ryr.userquery.promoteToSavedView.EnableRule" />
            </EnableRules>
            <DisplayRules>
              <DisplayRule Id="ryr.userquery.promoteToSavedView.DisplayRule" />
            </DisplayRules>
            <Actions>
              <JavaScriptFunction FunctionName="RYR.convertPersonalView" Library="$webresource:scripts_/userquery.ribbon.js">
                <CrmParameter Value="SelectedControlSelectedItemReferences" />
              </JavaScriptFunction>
            </Actions>
          </CommandDefinition>
        </CommandDefinitions>
        <RuleDefinitions>
          <TabDisplayRules />
          <DisplayRules>
            <DisplayRule Id="ryr.userquery.promoteToSavedView.DisplayRule">
              <MiscellaneousPrivilegeRule PrivilegeName="CreateQuery" PrivilegeDepth="Global" Default="false" />
            </DisplayRule>
          </DisplayRules>
          <EnableRules>
            <EnableRule Id="Mscrm.SelectionCountExactlyOne">
              <SelectionCountRule AppliesTo="SelectedEntity" Minimum="1" Maximum="1" />
            </EnableRule>
            <EnableRule Id="ryr.userquery.promoteToSavedView.EnableRule">
              <SelectionCountRule AppliesTo="SelectedEntity" Minimum="1" Default="false" />
            </EnableRule>
          </EnableRules>
        </RuleDefinitions>
        <LocLabels>
          <LocLabel Id="ryr.userquery.promoteToSavedView.Button.Alt">
            <Titles>
              <Title description="Promote to System View" languagecode="1033" />
            </Titles>
          </LocLabel>
          <LocLabel Id="ryr.userquery.promoteToSavedView.Button.LabelText">
            <Titles>
              <Title description="Promote to System View" languagecode="1033" />
            </Titles>
          </LocLabel>
          <LocLabel Id="ryr.userquery.promoteToSavedView.Button.ToolTipDescription">
            <Titles>
              <Title description="Create new System View from this personal view" languagecode="1033" />
            </Titles>
          </LocLabel>
          <LocLabel Id="ryr.userquery.promoteToSavedView.Button.ToolTipTitle">
            <Titles>
              <Title description="Promote to System View" languagecode="1033" />
            </Titles>
          </LocLabel>
        </LocLabels>
      </RibbonDiffXml>
    </Entity>
  </Entities>
  <Roles></Roles>
  <Workflows></Workflows>
  <FieldSecurityProfiles></FieldSecurityProfiles>
  <Templates />
  <EntityMaps />
  <EntityRelationships />
  <OrganizationSettings />
  <optionsets />
  <WebResources>
    <WebResource>
      <WebResourceId>{5dbc67af-2bbd-e611-80fc-1458d05a2ab0}</WebResourceId>
      <Name>images_/Promote_To_Saved_View_16.png</Name>
      <DisplayName>images_/Promote_To_Saved_View_16.png</DisplayName>
      <WebResourceType>5</WebResourceType>
      <IntroducedVersion>1.0</IntroducedVersion>
      <IsEnabledForMobileClient>0</IsEnabledForMobileClient>
      <IsAvailableForMobileOffline>0</IsAvailableForMobileOffline>
      <DependencyXml>&lt;Dependencies&gt;&lt;Dependency componentType="WebResource"/&gt;&lt;/Dependencies&gt;</DependencyXml>
      <IsCustomizable>1</IsCustomizable>
      <CanBeDeleted>1</CanBeDeleted>
      <IsHidden>0</IsHidden>
      <FileName>/WebResources/images_Promote_To_Saved_View_16png5DBC67AF-2BBD-E611-80FC-1458D05A2AB0</FileName>
    </WebResource>
    <WebResource>
      <WebResourceId>{5fbc67af-2bbd-e611-80fc-1458d05a2ab0}</WebResourceId>
      <Name>images_/Promote_To_Saved_View_32.png</Name>
      <DisplayName>images_/Promote_To_Saved_View_32.png</DisplayName>
      <WebResourceType>5</WebResourceType>
      <IntroducedVersion>1.0</IntroducedVersion>
      <IsEnabledForMobileClient>0</IsEnabledForMobileClient>
      <IsAvailableForMobileOffline>0</IsAvailableForMobileOffline>
      <DependencyXml>&lt;Dependencies&gt;&lt;Dependency componentType="WebResource"/&gt;&lt;/Dependencies&gt;</DependencyXml>
      <IsCustomizable>1</IsCustomizable>
      <CanBeDeleted>1</CanBeDeleted>
      <IsHidden>0</IsHidden>
      <FileName>/WebResources/images_Promote_To_Saved_View_32png5FBC67AF-2BBD-E611-80FC-1458D05A2AB0</FileName>
    </WebResource>
    <WebResource>
      <WebResourceId>{b8df234a-e4bf-e611-80fd-1458d05a2ab0}</WebResourceId>
      <Name>scripts_/userquery.ribbon.js</Name>
      <WebResourceType>3</WebResourceType>
      <IntroducedVersion>1.0</IntroducedVersion>
      <IsEnabledForMobileClient>0</IsEnabledForMobileClient>
      <IsAvailableForMobileOffline>0</IsAvailableForMobileOffline>
      <IsCustomizable>1</IsCustomizable>
      <CanBeDeleted>1</CanBeDeleted>
      <IsHidden>0</IsHidden>
      <FileName>/WebResources/scripts_userqueryribbonjsB8DF234A-E4BF-E611-80FD-1458D05A2AB0</FileName>
    </WebResource>
  </WebResources>
  <Languages>
    <Language>1033</Language>
  </Languages>
</ImportExportXml>