<ImportExportXml xmlns:xsi="http://www.w3.org/2001/XMLSchema-instance">
  <Entities>
    <Entity>
      <Name LocalizedName="Saved View" OriginalName="Saved View">UserQuery</Name>
      <ObjectTypeCode>4230</ObjectTypeCode>
      <RibbonDiffXml>
        <CustomActions>
          <CustomAction Id="ryr.userquery.promoteToSavedView.Button.CustomAction" Location="Mscrm.SubGrid.userquery.MainTab.View.Controls._children" Sequence="25">
            <CommandUIDefinition>
              <Button Alt="$LocLabels:ryr.userquery.promoteToSavedView.Button.Alt" Command="ryr.userquery.promoteToSavedView.Command" Id="ryr.userquery.promoteToSavedView.Button" Image32by32="$webresource:images_/Promote_To_Saved_View_32.png" Image16by16="$webresource:images_/Promote_To_Saved_View_16.png" LabelText="$LocLabels:ryr.userquery.promoteToSavedView.Button.LabelText" Sequence="25" TemplateAlias="o1" ToolTipTitle="$LocLabels:ryr.userquery.promoteToSavedView.Button.ToolTipTitle" ToolTipDescription="$LocLabels:ryr.userquery.promoteToSavedView.Button.ToolTipDescription" />
            </CommandUIDefinition>
          </CustomAction>
        </CustomActions>
        <Templates>
          <RibbonTemplates Id="Mscrm.Templates"></RibbonTemplates>
        </Templates>
        <CommandDefinitions>
          <CommandDefinition Id="ryr.userquery.promoteToSavedView.Command">
            <EnableRules>
              <EnableRule Id="ryr.userquery.promoteToSavedView.EnableRule" />
            </EnableRules>
            <DisplayRules>
              <DisplayRule Id="ryr.userquery.promoteToSavedView.DisplayRule" />
            </DisplayRules>
            <Actions>
              <JavaScriptFunction FunctionName="RYR.convertPersonalView" Library="$webresource:scripts_/userquery.2015.ribbon.js">
                <CrmParameter Value="SelectedControlSelectedItemReferences" />
              </JavaScriptFunction>
            </Actions>
          </CommandDefinition>
        </CommandDefinitions>
        <RuleDefinitions>
          <TabDisplayRules />
          <DisplayRules>
            <DisplayRule Id="ryr.userquery.promoteToSavedView.DisplayRule">
              <MiscellaneousPrivilegeRule PrivilegeName="CreateQuery" PrivilegeDepth="Global" Default="false" />
            </DisplayRule>
          </DisplayRules>
          <EnableRules>
            <EnableRule Id="ryr.userquery.promoteToSavedView.EnableRule">
              <SelectionCountRule AppliesTo="SelectedEntity" Minimum="1" Default="false" />
            </EnableRule>
          </EnableRules>
        </RuleDefinitions>
        <LocLabels>
          <LocLabel Id="ryr.userquery.promoteToSavedView.Button.Alt">
            <Titles>
              <Title description="Promote to System View" languagecode="1033" />
            </Titles>
          </LocLabel>
          <LocLabel Id="ryr.userquery.promoteToSavedView.Button.LabelText">
            <Titles>
              <Title description="Promote to System View" languagecode="1033" />
            </Titles>
          </LocLabel>
          <LocLabel Id="ryr.userquery.promoteToSavedView.Button.ToolTipDescription">
            <Titles>
              <Title description="Create new system view(s) from selected personal view(s)" languagecode="1033" />
            </Titles>
          </LocLabel>
          <LocLabel Id="ryr.userquery.promoteToSavedView.Button.ToolTipTitle">
            <Titles>
              <Title description="Promote to System View" languagecode="1033" />
            </Titles>
          </LocLabel>
        </LocLabels>
      </RibbonDiffXml>
    </Entity>
  </Entities>
  <Roles></Roles>
  <Workflows></Workflows>
  <FieldSecurityProfiles></FieldSecurityProfiles>
  <Templates />
  <EntityMaps />
  <EntityRelationships>
    <EntityRelationship Name="userentityinstancedata_userquery">
      <EntityRelationshipType>OneToMany</EntityRelationshipType>
      <IntroducedVersion>5.0.0.0</IntroducedVersion>
      <IsHierarchical>0</IsHierarchical>
      <ReferencingEntityName>UserEntityInstanceData</ReferencingEntityName>
      <ReferencedEntityName>UserQuery</ReferencedEntityName>
      <CascadeAssign>NoCascade</CascadeAssign>
      <CascadeDelete>Cascade</CascadeDelete>
      <CascadeReparent>NoCascade</CascadeReparent>
      <CascadeShare>NoCascade</CascadeShare>
      <CascadeUnshare>NoCascade</CascadeUnshare>
      <ReferencingAttributeName>ObjectId</ReferencingAttributeName>
      <RelationshipDescription>
        <Descriptions>
          <Description description="Unique identifier of the source record." languagecode="1033" />
        </Descriptions>
      </RelationshipDescription>
      <field name="objectid" requiredlevel="systemrequired" imemode="auto" lookupstyle="single" lookupbrowse="0" format="">
        <IsSecured>0</IsSecured>
        <DisplayMask>ValidForAdvancedFind|ValidForForm|ValidForGrid|RequiredForForm</DisplayMask>
        <IsAuditEnabled>1</IsAuditEnabled>
        <displaynames>
          <displayname description="Object Id" languagecode="1033" />
        </displaynames>
      </field>
    </EntityRelationship>
    <EntityRelationship Name="UserQuery_AsyncOperations">
      <EntityRelationshipType>OneToMany</EntityRelationshipType>
      <IntroducedVersion>5.0.0.0</IntroducedVersion>
      <IsHierarchical>0</IsHierarchical>
      <ReferencingEntityName>AsyncOperation</ReferencingEntityName>
      <ReferencedEntityName>UserQuery</ReferencedEntityName>
      <CascadeAssign>NoCascade</CascadeAssign>
      <CascadeDelete>NoCascade</CascadeDelete>
      <CascadeReparent>NoCascade</CascadeReparent>
      <CascadeShare>NoCascade</CascadeShare>
      <CascadeUnshare>NoCascade</CascadeUnshare>
      <ReferencingAttributeName>RegardingObjectId</ReferencingAttributeName>
      <RelationshipDescription>
        <Descriptions>
          <Description description="Unique identifier of the object with which the system job is associated." languagecode="1033" />
        </Descriptions>
      </RelationshipDescription>
      <field name="regardingobjectid" requiredlevel="none" imemode="auto" lookupstyle="single" lookupbrowse="0" format="regarding">
        <IsSecured>0</IsSecured>
        <DisplayMask>ValidForAdvancedFind|ValidForForm|ValidForGrid</DisplayMask>
        <IsAuditEnabled>1</IsAuditEnabled>
        <displaynames>
          <displayname description="Regarding" languagecode="1033" />
        </displaynames>
      </field>
    </EntityRelationship>
    <EntityRelationship Name="UserQuery_BulkDeleteFailures">
      <EntityRelationshipType>OneToMany</EntityRelationshipType>
      <IntroducedVersion>5.0.0.0</IntroducedVersion>
      <IsHierarchical>0</IsHierarchical>
      <ReferencingEntityName>BulkDeleteFailure</ReferencingEntityName>
      <ReferencedEntityName>UserQuery</ReferencedEntityName>
      <CascadeAssign>NoCascade</CascadeAssign>
      <CascadeDelete>Cascade</CascadeDelete>
      <CascadeReparent>NoCascade</CascadeReparent>
      <CascadeShare>NoCascade</CascadeShare>
      <CascadeUnshare>NoCascade</CascadeUnshare>
      <ReferencingAttributeName>RegardingObjectId</ReferencingAttributeName>
      <RelationshipDescription>
        <Descriptions>
          <Description description="Unique identifier of the record that can not be deleted." languagecode="1033" />
        </Descriptions>
      </RelationshipDescription>
      <field name="regardingobjectid" requiredlevel="none" imemode="auto" lookupstyle="single" lookupbrowse="0" format="regarding">
        <IsSecured>0</IsSecured>
        <DisplayMask>ValidForAdvancedFind|ValidForForm|ValidForGrid</DisplayMask>
        <IsAuditEnabled>1</IsAuditEnabled>
        <displaynames>
          <displayname description="Name" languagecode="1033" />
        </displaynames>
      </field>
    </EntityRelationship>
  </EntityRelationships>
  <OrganizationSettings />
  <optionsets />
  <WebResources>
    <WebResource>
      <WebResourceId>{70a84185-f3c6-e611-810d-0050569b11c1}</WebResourceId>
      <Name>images_/Promote_To_Saved_View_16.png</Name>
      <DisplayName>images_/Promote_To_Saved_View_16.png</DisplayName>
      <WebResourceType>5</WebResourceType>
      <IntroducedVersion>1.0</IntroducedVersion>
      <IsEnabledForMobileClient>0</IsEnabledForMobileClient>
      <IsCustomizable>1</IsCustomizable>
      <CanBeDeleted>1</CanBeDeleted>
      <IsHidden>0</IsHidden>
      <FileName>/WebResources/images_Promote_To_Saved_View_16png70A84185-F3C6-E611-810D-0050569B11C1</FileName>
    </WebResource>
    <WebResource>
      <WebResourceId>{72a84185-f3c6-e611-810d-0050569b11c1}</WebResourceId>
      <Name>images_/Promote_To_Saved_View_32.png</Name>
      <DisplayName>images_/Promote_To_Saved_View_32.png</DisplayName>
      <WebResourceType>5</WebResourceType>
      <IntroducedVersion>1.0</IntroducedVersion>
      <IsEnabledForMobileClient>0</IsEnabledForMobileClient>
      <IsCustomizable>1</IsCustomizable>
      <CanBeDeleted>1</CanBeDeleted>
      <IsHidden>0</IsHidden>
      <FileName>/WebResources/images_Promote_To_Saved_View_32png72A84185-F3C6-E611-810D-0050569B11C1</FileName>
    </WebResource>
    <WebResource>
      <WebResourceId>{74a84185-f3c6-e611-810d-0050569b11c1}</WebResourceId>
      <Name>scripts_/userquery.2015.ribbon.js</Name>
      <DisplayName>scripts_/userquery.2015.ribbon.js</DisplayName>
      <WebResourceType>3</WebResourceType>
      <IntroducedVersion>1.0</IntroducedVersion>
      <IsEnabledForMobileClient>0</IsEnabledForMobileClient>
      <IsCustomizable>1</IsCustomizable>
      <CanBeDeleted>1</CanBeDeleted>
      <IsHidden>0</IsHidden>
      <FileName>/WebResources/scripts_userquery2015ribbonjs74A84185-F3C6-E611-810D-0050569B11C1</FileName>
    </WebResource>
  </WebResources>
  <Languages>
    <Language>1033</Language>
  </Languages>
</ImportExportXml>